id,reviews,price,stars,yelp_category,state
281656475,21292,3.99,4,4,Games
281796108,161065,0,4,4,Productivity
281940292,188583,0,3.5,3.5,Weather
282614216,262241,0,4,4,Shopping
282935706,985920,0,4.5,4.5,Reference
283619399,8253,0.99,4,4,Games
283646709,119487,0,4,4,Finance
284035177,1126879,0,4,4,Music
284666222,1117,9.99,4.5,4.5,Utilities
284736660,7885,3.99,4,4,Games
284791396,76720,4.99,4.5,4.5,Games
284815117,105776,7.99,3.5,3.5,Games
284815942,479440,0,3.5,3.5,Utilities
284847138,119773,0,3.5,3.5,Finance
284862767,6340,4.99,4.5,4.5,Games
284876795,56194,0,4,4,Travel
284882215,2974676,0,3.5,3.5,Social Networking
284910350,223885,0,4,4,Travel
284993459,402925,0,4,4,Music
285005463,31456,2.99,4,4,Games
285946052,2929,1.99,4.5,4.5,Reference
285994151,11447,2.99,5,5,Games
286058814,137951,0,4,4,Sports
286070473,8,5.99,4.5,4.5,Business
286799607,3241,3.99,4,4,Music
286906691,5795,0,3.5,3.5,Health & Fitness
286911400,42316,0,3,3,Games
288113403,123215,0,3.5,3.5,Productivity
288120394,782,4.99,4,4,Music
288419283,3449,9.99,4,4,Weather
288429040,71856,0,3.5,3.5,Social Networking
289084315,13350,1.99,4.5,4.5,Health & Fitness
289446241,137,0.99,3,3,Entertainment
289523017,180087,0,3.5,3.5,Games
289894882,33426,0.99,4,4,Health & Fitness
290638154,293228,0,4,4,Music
290807369,21609,1.99,3.5,3.5,Entertainment
290986013,4684,4.99,4,4,Utilities
291430598,2104,2.99,4.5,4.5,Weather
292421271,41633,2.99,4,4,Games
292628469,3610,2.99,4.5,4.5,Photo & Video
292738169,4677,0,3,3,Music
293118835,30,3.99,3.5,3.5,Navigation
293523031,48905,0,4.5,4.5,Music
293573778,32,4.99,3,3,Navigation
293622097,446185,0,3.5,3.5,Travel
293760823,21825,1.99,3,3,Entertainment
293778748,508808,0,3,3,Games
294056623,57500,0,3,3,Sports
294536447,2576,1.99,4,4,Games
294631159,1572,1.99,4,4,Weather
294934058,3292,2.99,3,3,Business
295430577,8932,4.99,4.5,4.5,Education
295646461,495626,0,3.5,3.5,Weather
295759189,812,0.99,3,3,Lifestyle
295775656,1583,2.99,3.5,3.5,Lifestyle
296581815,113936,0,4.5,4.5,Food & Drink
297244048,2027,4.99,4,4,Entertainment
297332787,768,3.99,4,4,Education
297368629,373835,0,4,4,Health & Fitness
297430070,108131,0,3,3,Shopping
297606726,18943,0.99,3.5,3.5,Games
297606951,126312,0,3.5,3.5,Shopping
297694601,35735,4.99,4,4,Games
298127110,410,4.99,3,3,Utilities
298206806,1390,12.99,4.5,4.5,Music
298596830,38,0,3.5,3.5,Music
298867247,233270,0,4.5,4.5,Finance
299029654,64,21.99,4.5,4.5,Reference
299515267,109349,0,3.5,3.5,Food & Drink
299853944,2229,0,3.5,3.5,News
299949744,14970,1.99,3.5,3.5,Navigation
300048137,144214,0,3.5,3.5,Weather
300238550,232940,0,4,4,Finance
300255638,48407,0,3,3,News
300265786,5531,0.99,3.5,3.5,Utilities
300590611,3393,1.99,4,4,Education
300704847,65016,0,3.5,3.5,Utilities
301387274,187529,0.99,4,4,Entertainment
301521403,33969,0,3.5,3.5,Health & Fitness
301724680,48822,0,3.5,3.5,Finance
302049354,59155,1.99,4.5,4.5,Games
302584613,252076,0,3.5,3.5,Book
303058767,4913,1.99,4,4,Games
303191318,1744,0,3.5,3.5,Finance
303337299,16567,0.99,4.5,4.5,Games
303849934,187315,0,2,2,Games
304731501,4781,2.99,4.5,4.5,Music
304770340,94,3.99,4.5,4.5,Games
304871603,29554,0.99,4,4,Photo & Video
304871622,32988,0.99,4,4,Games
304878510,373519,0,3.5,3.5,Social Networking
305343404,334293,0,4,4,Social Networking
305557780,2302,1.99,3.5,3.5,Photo & Video
305939712,60659,0,3,3,Social Networking
306169895,2562,2.99,4,4,Games
306257910,3042,4.99,3.5,3.5,Finance
306375551,338,0.99,2.5,2.5,Weather
306468004,16434,2.99,4.5,4.5,Health & Fitness
306561234,10046,2.99,4.5,4.5,Health & Fitness
306621789,29107,0,3,3,News
306628397,878,1.99,4,4,Games
306937053,1140,0.99,3.5,3.5,Games
307132353,35074,2.99,4.5,4.5,Games
307184892,59639,0,3,3,Sports
307219387,2913,4.99,4,4,Health & Fitness
307354030,39722,0,3,3,Photo & Video
307386350,81006,0,3.5,3.5,Entertainment
307569751,53465,0,3.5,3.5,Games
307727765,395261,0.99,4.5,4.5,Games
307741537,2021,1.99,4.5,4.5,Utilities
307764057,182,0,3,3,Entertainment
307906541,291787,0,4,4,Entertainment
308111628,2441,1.99,4,4,Utilities
308339980,1372,0.99,4,4,Games
308368164,773,249.99,4,4,Education
308750436,200047,0,4,4,Reference
308834491,112,0,3.5,3.5,News
309025938,148160,0,4.5,4.5,Sports
309172177,108507,0,3,3,Utilities
309187846,46,0,3,3,Entertainment
309465525,51427,0,4,4,Photo & Video
309527804,53821,0.99,3.5,3.5,Games
309735670,38681,0,4,4,Business
310303959,17776,0.99,4,4,Games
310633997,287589,0,4.5,4.5,Social Networking
310636441,7308,2.99,4,4,Productivity
310738695,342969,0,4.5,4.5,Lifestyle
310951782,6093,4.99,4,4,Games
311466554,5452,4.99,4.5,4.5,Games
311548709,43064,0,3,3,Finance
311762416,64,0,4.5,4.5,Music
311785642,220,0,4.5,4.5,Productivity
311972587,114096,0,4.5,4.5,Games
312220102,1296,9.99,4,4,Productivity
312266675,1293,2.99,4,4,Travel
312325565,19946,0,4,4,Finance
312343159,88613,0,4,4,Entertainment
313199385,107727,0.99,3.5,3.5,Games
314303518,21416,0.99,4.5,4.5,Games
314506629,533,2.99,4,4,Games
314652382,32650,2.99,3.5,3.5,Music
314716233,164963,0,3.5,3.5,Social Networking
314819528,141,1.99,3,3,Weather
314855255,80424,0,4,4,Shopping
314864297,17190,0.99,4,4,Games
315021242,7973,0.99,4,4,Games
316025912,19621,2.99,4,4,Games
316227296,7315,3.99,4,4,Games
316391924,118,0,3,3,News
317469184,290996,0,3.5,3.5,Sports
317809458,2785,3.99,4,4,Travel
317904170,54408,6.99,3.5,3.5,Games
318304532,8138,9.99,4,4,Games
318592730,123190,0,3,3,Education
318639200,23810,0.99,3.5,3.5,Games
319204550,54192,0,4,4,Sports
319284643,20953,0,4,4,Sports
319295332,71609,9.99,4.5,4.5,Music
319740707,32881,0,3.5,3.5,News
319881193,23201,0,2.5,2.5,Social Networking
320029256,17906,0,3,3,Shopping
320279293,927,74.99,3.5,3.5,Navigation
320300350,18920,1.99,3.5,3.5,Games
320596872,30,0.99,3,3,Finance
320599923,77,0,3,3,Finance
320606217,104539,0,4.5,4.5,Health & Fitness
320636131,4016,0.99,4,4,Photo & Video
320650307,299,1.99,4,4,Food & Drink
321369231,5758,1.99,4,4,Games
321756558,5565,0,4.5,4.5,Games
322423174,213092,0.99,3.5,3.5,Games
322439990,150158,0,4.5,4.5,Weather
322523436,6046,4.99,4,4,Games
323229106,345046,0,4.5,4.5,Navigation
323242790,35930,0.99,3.5,3.5,Games
323438913,22557,0.99,4,4,Games
324266640,292,0.99,3,3,Sports
324684580,878563,0,4.5,4.5,Music
324887734,22,0,3.5,3.5,Food & Drink
325462190,10472,0,3.5,3.5,Sports
325658560,115,0,4,4,News
325683306,13915,1.99,4.5,4.5,Weather
325954996,6780,1.99,4,4,Games
325962257,1701,7.99,4,4,Productivity
326082487,6,1.99,3.5,3.5,Health & Fitness
326161564,19,0,3,3,Utilities
326574411,3483,4.99,4.5,4.5,Medical
326876192,2838,0,3,3,Photo & Video
326885152,117889,0,3,3,Entertainment
326979430,50710,0.99,3.5,3.5,Games
327193945,3960,2.99,4.5,4.5,Weather
327243363,24258,0,3,3,Entertainment
327455869,37522,0,4,4,Sports
327630330,49578,0,3.5,3.5,Productivity
328011357,626,0.99,4,4,Entertainment
328205875,9286,1.99,4,4,Games
328415391,190670,0,3.5,3.5,Sports
329127297,2429,19.99,4.5,4.5,Navigation
329174056,0,3.99,0,0,Finance
329541503,12811,0,3.5,3.5,Navigation
329670577,32338,1.99,4,4,Photo & Video
329703516,262,4.99,4,4,Games
329887910,9657,0.99,4.5,4.5,Games
329981776,18332,2.99,4.5,4.5,Games
330376830,53620,0,4,4,Health & Fitness
330803072,38533,0.99,2.5,2.5,Photo & Video
331004675,40,0.99,3.5,3.5,Food & Drink
331177703,472,1.99,4,4,Games
331177714,303856,0,4.5,4.5,Food & Drink
331259725,2070,0,2.5,2.5,Sports
331271904,7941,2.99,4,4,Games
331308914,136833,0,3.5,3.5,Health & Fitness
331786748,112886,0,3.5,3.5,News
331804452,26353,0,3.5,3.5,Shopping
332568551,171055,0,3,3,Entertainment
333180061,4540,2.99,4,4,Games
333206289,1926,0,3,3,Lifestyle
333246187,14345,3.99,4,4,News
333263435,1340,4.99,4.5,4.5,Lifestyle
333710667,31912,3.99,4.5,4.5,Business
333903271,354058,0,3.5,3.5,News
334235181,248,0,4,4,Travel
334256223,11691,0,3.5,3.5,News
334264405,381,1.99,3,3,Entertainment
334503000,18884,0,4,4,Entertainment
334989259,7410,2.99,4,4,Reference
335029050,15175,1.99,4,4,Games
335047649,3166,0.99,4,4,Business
335364882,88885,0,4.5,4.5,Shopping
335545504,882,9.99,5,5,Games
335709058,1729,3.99,4,4,Lifestyle
335744614,43682,0,3.5,3.5,Sports
335862325,861,0.99,2,2,Entertainment
335875911,7469,0,3.5,3.5,Health & Fitness
335989871,4186,0,3.5,3.5,Shopping
336141475,4885,0,3.5,3.5,Entertainment
336347946,3970,4.99,4,4,Games
336353151,135744,0,4,4,Music
336435697,18841,0,4,4,Social Networking
336477530,1438,3.99,4,4,Navigation
336599882,10298,0,4.5,4.5,Health & Fitness
336683524,1842,0.99,3.5,3.5,Productivity
336689375,2548,1.99,4,4,Education
336834650,319,0.99,3,3,Games
336860594,34507,0,3.5,3.5,Shopping
337021781,26482,0.99,3.5,3.5,Games
337056601,273,0,3,3,News
337288863,8331,2.99,4,4,Music
337402021,17023,0.99,4,4,Games
337462979,1101,4.99,4,4,Games
337571576,1193,0.99,4,4,Games
337710261,35,0,2.5,2.5,Sports
337866370,4088,1.99,4,4,Games
338057689,63943,4.99,4,4,Games
338137227,70286,0,3,3,Shopping
338761996,1150,0,2.5,2.5,Business
338828953,54630,0,2.5,2.5,Shopping
339440515,98777,0,3,3,Entertainment
339462921,649,0.99,4,4,Photo & Video
339532909,60236,0,3,3,Entertainment
340368403,115,0,3.5,3.5,Food & Drink
340769953,26732,0.99,4,4,Games
340779800,2722,1.99,4.5,4.5,Shopping
341036067,11013,0,3.5,3.5,Shopping
341232718,507706,0,4.5,4.5,Health & Fitness
341329033,397,0,4.5,4.5,Travel
341691394,196,9.99,4,4,Productivity
341776037,24553,3.99,4,4,News
342115564,12557,2.99,3.5,3.5,Photo & Video
342138881,26227,0,4,4,Music
342548956,28388,4.99,5,5,Business
342602105,282,2.99,4,4,Health & Fitness
342699962,19296,0.99,4,4,Games
342792525,183425,0,4.5,4.5,Entertainment
343200656,824451,0,4.5,4.5,Games
343555245,512,0,3.5,3.5,Travel
343638336,315,2.99,3.5,3.5,Lifestyle
343889987,268,0,3.5,3.5,Travel
344065205,438,1.99,4.5,4.5,Games
344176018,187,0,3.5,3.5,Navigation
344186162,15142,4.99,4,4,Games
344542975,30552,0,3,3,Travel
345445479,9744,2.99,3.5,3.5,Games
345542655,13482,0,4.5,4.5,Education
346184215,17516,0,3.5,3.5,Finance
346453382,186653,0,3.5,3.5,Games
346513173,10031,0.99,4,4,Entertainment
346997126,81,0,3,3,Entertainment
347310316,9854,0.99,4,4,Games
347393479,1093,2.99,4,4,Travel
347400507,4475,2.99,4.5,4.5,Health & Fitness
347411942,9405,2.99,4,4,Games
347418999,2417,1.99,4.5,4.5,Health & Fitness
347803339,2923,0.99,4.5,4.5,Business
348530331,8657,2.99,3.5,3.5,Entertainment
348543978,70,0.99,2,2,Photo & Video
348684697,162,0,4,4,News
349079731,5,0.99,4,4,Lifestyle
349276209,12354,0.99,4,4,Games
349442137,269,0,3,3,Social Networking
350480010,0,3.99,0,0,Book
350642635,426463,0.99,5,5,Games
350962117,7265,0,3.5,3.5,Social Networking
351091731,844,0,4,4,Lifestyle
351184863,101,0,4,4,Entertainment
351331194,34428,0,4.5,4.5,Social Networking
351707231,36946,1.99,4.5,4.5,Games
351727428,21090,0,4.5,4.5,Finance
351939099,653,2.99,4.5,4.5,Games
351986992,1118,3.99,4.5,4.5,Education
352000376,348,1.99,4,4,Productivity
352041837,207,1.99,3.5,3.5,Utilities
352199775,5000,0,4.5,4.5,Health & Fitness
352247139,15188,3.99,4.5,4.5,Health & Fitness
352509417,18572,0,4.5,4.5,News
352670055,6403,4.99,4.5,4.5,Games
352683833,417779,0,4.5,4.5,Shopping
353372460,9,4.99,5,5,Education
353573707,107,0.99,2.5,2.5,Entertainment
353603279,72,1.99,2,2,Lifestyle
353642901,2044,2.99,3.5,3.5,Games
353665650,16683,0,3.5,3.5,Sports
354051766,1455,0.99,3,3,Games
354655665,15056,4.99,4,4,Games
354850853,249,0.99,4.5,4.5,Photo & Video
354972939,6091,7.99,4,4,Games
354974729,2754,7.99,4,4,Games
355524910,9870,4.99,4.5,4.5,Games
355554941,82602,0,4,4,Music
355709084,0,7.99,0,0,Travel
355940964,762,1.99,4,4,Education
356618664,160,1.99,4,4,Education
356968629,9,0,3,3,Shopping
357218860,260965,0,4,4,Social Networking
357404131,2305,1.99,4,4,Photo & Video
357421934,137,4.99,4,4,Travel
357467791,11999,0,4,4,Entertainment
357577420,1995,1.99,4.5,4.5,Photo & Video
357828853,35045,2.99,4.5,4.5,Music
358055270,343,0.99,4,4,Entertainment
358207332,1824,1.99,4,4,Entertainment
359891723,39642,0,4,4,Sports
359917414,679055,0,4.5,4.5,Games
360593530,17594,9.99,4,4,Productivity
361231506,3531,1.99,4,4,Games
362179828,1080,3.99,3.5,3.5,Education
362348516,11421,0,4,4,Finance
362949845,698516,1.99,4.5,4.5,Games
363201632,4497,3.99,4,4,Entertainment
363282253,163598,0.99,5,5,Games
363306776,39678,9.99,3.5,3.5,Games
363317633,1809,8.99,4.5,4.5,Productivity
363360636,624,4.99,3.5,3.5,Navigation
363448251,3761,2.99,4.5,4.5,Photo & Video
363451838,353,3.99,4,4,Weather
363486802,6503,4.99,4.5,4.5,Education
363486833,71,0.99,3,3,Games
363590051,308844,0,3.5,3.5,Entertainment
363738376,3909,9.99,4.5,4.5,Music
363992049,308,2.99,4.5,4.5,Utilities
363998953,11156,9.99,4.5,4.5,Productivity
364017607,8542,4.99,4.5,4.5,Photo & Video
364159440,5853,4.99,3.5,3.5,Games
364165557,1506,1.99,4,4,Games
364183992,1649,0,3.5,3.5,Social Networking
364191819,78890,0,3,3,Entertainment
364204209,2147,3.99,4,4,Games
364234221,89110,0,4.5,4.5,Games
364252504,208648,0,4,4,Weather
364267763,856,1.99,2.5,2.5,Entertainment
364500115,7825,3.99,4.5,4.5,Productivity
364502063,7033,9.99,4,4,Business
364733950,4255,1.99,4,4,Reference
364738545,3230,5.99,4.5,4.5,Utilities
364740856,54175,0,4.5,4.5,Reference
364762290,308,4.99,4,4,Education
364899325,2602,0.99,3,3,Games
364901807,29110,0,4.5,4.5,Productivity
364904019,273,1.99,3.5,3.5,Reference
365152940,15654,0,4.5,4.5,Photo & Video
365235835,189,0,2.5,2.5,Entertainment
365724094,829,0.99,4.5,4.5,Navigation
366195670,663,8.99,5,5,Photo & Video
366247306,359832,0,4.5,4.5,Games
366562751,9011,0,3.5,3.5,Entertainment
366626332,17667,4.99,4.5,4.5,Health & Fitness
366869252,65450,0,4,4,Book
367003839,31261,0,4.5,4.5,Travel
367242040,9885,0.99,4,4,Games
367287593,11091,0,3,3,Entertainment
367623543,132703,0,4,4,News
367706767,286,4.99,2.5,2.5,Travel
368494609,12683,0,4,4,Utilities
368677368,49466,0,3,3,Travel
368948250,168,0,4,4,Productivity
369111608,114,6.99,4,4,Book
369266386,2798,2.99,4.5,4.5,Weather
369692259,62,0,3.5,3.5,Entertainment
369820957,1756,9.99,4,4,Business
369838631,511,3.99,4.5,4.5,Health & Fitness
369849199,2609,0.99,3.5,3.5,Games
369970819,354,0,1.5,1.5,Social Networking
370139302,1750,0,3.5,3.5,Utilities
370144476,1121,1.99,4.5,4.5,Games
370406465,339,0,4.5,4.5,Sports
370697773,34322,0,4.5,4.5,Finance
370899391,162,1.99,4.5,4.5,Productivity
370901726,8,0,3,3,Utilities
371338715,4386,2.99,4.5,4.5,Education
372283316,5397,4.99,5,5,Games
372513032,75412,0,4.5,4.5,Social Networking
372648912,97072,0,4,4,Social Networking
373185673,9142,0,3.5,3.5,Health & Fitness
373203236,1957,1.99,4.5,4.5,Games
373236724,2944,4.99,4,4,Entertainment
373311252,588,1.99,4,4,Photo & Video
373342398,40552,1.99,4.5,4.5,Games
373454750,1267,0.99,4.5,4.5,Finance
373493387,753,24.99,4,4,Education
373515261,725,2.99,4,4,Weather
373563219,45,3.99,4.5,4.5,Education
373714084,14910,0.99,4,4,Games
373849969,3064,2.99,3.5,3.5,Games
373903654,12074,0,2.5,2.5,News
374151636,336,4.99,4,4,Productivity
374211477,6257,9.99,4,4,Productivity
374308914,2445,1.99,4.5,4.5,Photo & Video
374791544,22150,0.99,4,4,Games
375239755,23530,0,4,4,Social Networking
375295479,10846,9.99,4.5,4.5,Games
375380948,55171,0,3.5,3.5,Shopping
376183339,5782,0,3.5,3.5,Education
376197239,24,0,3.5,3.5,Weather
376202925,17,0,3.5,3.5,Finance
376374689,35759,1.99,4.5,4.5,Games
376412660,18306,2.99,4,4,Games
376413870,13567,0,2,2,Education
376436174,240,1.99,3,3,Sports
376510438,56170,0,2,2,Entertainment
376561911,19,3.99,4.5,4.5,Education
377321278,0,0,0,0,Navigation
377342622,10463,1.99,4.5,4.5,Photo & Video
377677727,1255,0,4.5,4.5,Lifestyle
377704407,5803,0.99,4,4,Games
377831429,227,1.99,4,4,Games
377908737,342,9.99,3.5,3.5,Navigation
377989827,7578,2.99,4.5,4.5,Photo & Video
378326916,1156,6.99,3.5,3.5,Games
378352300,7197,0,3.5,3.5,Education
378781805,5,2.99,3,3,Entertainment
378782714,3432,0.99,3,3,Games
379256460,0,3.99,0,0,Education
379323382,24306,4.99,4.5,4.5,Games
379395415,312,0,3.5,3.5,Travel
379693831,105274,0,4.5,4.5,Book
379869627,25475,2.99,4.5,4.5,Utilities
379937581,8718,0.99,4,4,Games
379983299,29492,0,3.5,3.5,Entertainment
380090605,12787,4.99,4.5,4.5,Entertainment
380641055,2237,4.99,4,4,Utilities
380834987,108,0.99,4,4,Utilities
380908399,25403,0,4.5,4.5,Music
380932800,210,0,3.5,3.5,Lifestyle
380974668,169,0,4,4,Shopping
381059732,7447,1.99,4.5,4.5,Productivity
381342267,12833,2.99,4.5,4.5,Education
381471023,130450,0,5,5,Utilities
381477230,6,4.99,4,4,Games
381722077,1111,0,1.5,1.5,Lifestyle
382002079,3194,0,4.5,4.5,Sports
382013715,1399,1.99,2.5,2.5,Business
382045106,10,3.99,4.5,4.5,Health & Fitness
382201985,1990,0,4.5,4.5,Utilities
382497397,8149,0,4,4,Shopping
382509315,29376,4.99,4.5,4.5,Business
382596778,74,0,4.5,4.5,Shopping
382617920,164249,0,4.5,4.5,Social Networking
382991304,14605,2.99,4.5,4.5,Games
383298204,130823,0,4.5,4.5,Shopping
383718755,486,0.99,4.5,4.5,Entertainment
383819300,8946,0.99,4.5,4.5,Music
384282298,1993,0.99,4,4,Games
384830320,43877,0,4.5,4.5,Social Networking
385145330,2377,0.99,4.5,4.5,Photo & Video
385285922,1590,0,4.5,4.5,Entertainment
385533456,2070,0.99,4,4,Games
385724144,9,0,4,4,Lifestyle
385756768,11530,3.99,4.5,4.5,Reference
385919493,194,0,4,4,Lifestyle
385957032,200,0,3.5,3.5,Business
386098453,16772,0,4.5,4.5,Social Networking
386239683,9,0.99,4,4,Games
386241770,2113,0.99,3.5,3.5,Games
386505750,794,0,4,4,News
386592716,8939,0,4,4,Lifestyle
387109554,308,0,3.5,3.5,Utilities
387310377,5,0,2,2,Education
387428400,326482,0.99,5,5,Games
387682726,3801,0,4,4,Shopping
387893495,209,0,3.5,3.5,Games
388130466,33868,0.99,4.5,4.5,Games
388336485,13741,0.99,3.5,3.5,Entertainment
388389451,18418,0,4.5,4.5,Reference
388459613,21,4.99,1.5,1.5,Health & Fitness
388462078,1588,4.99,3.5,3.5,Games
388491656,8094,0,3,3,Travel
388497605,1652,0,3,3,Utilities
388624839,5482,0.99,4.5,4.5,Productivity
388633565,611,13.99,4.5,4.5,Medical
388838723,26697,0,4.5,4.5,Utilities
388932995,317,0,4,4,Lifestyle
389204861,14202,4.99,3.5,3.5,Games
389359495,2064,0,2.5,2.5,Education
389481236,746,0,4.5,4.5,Utilities
389543438,0,0.99,0,0,Entertainment
389638243,52642,0,3.5,3.5,Social Networking
389781154,27317,0,2.5,2.5,Sports
389784247,76,4.99,4,4,Education
389801252,2161558,0,4.5,4.5,Photo & Video
390017969,2554,4.99,4.5,4.5,Productivity
390109631,1058,0.99,3.5,3.5,Games
390422167,10382,1.99,4,4,Games
390523040,1428,0.99,3.5,3.5,Games
390577714,3134,0,2.5,2.5,Entertainment
391071343,596,0,2.5,2.5,Entertainment
391297152,4378,4.99,4.5,4.5,Games
391304000,280,4.99,4,4,Navigation
391432693,1045,4.99,4,4,Entertainment
391767653,1110,0,4.5,4.5,Utilities
391855805,11154,4.99,4.5,4.5,Games
391947489,0,0,0,0,Medical
391965015,258,0,2,2,Finance
392084834,44567,0.99,4.5,4.5,Games
392186427,3818,0,2.5,2.5,Sports
392188745,7562,9.99,4.5,4.5,Productivity
392198579,120,2.99,4.5,4.5,Book
392252535,206,4.99,3,3,Games
392408028,1755,4.99,4.5,4.5,Food & Drink
392538848,1037,1.99,4.5,4.5,Photo & Video
392788790,4755,2.99,4,4,Games
392790924,825,0,3.5,3.5,Business
392796698,28260,0,4.5,4.5,Social Networking
392899425,306,0,3.5,3.5,Finance
392915994,32527,0,4.5,4.5,Games
392988420,103655,0,5,5,Shopping
393313223,15981,6.99,4.5,4.5,Productivity
393328150,15593,0,4.5,4.5,Shopping
393670998,206,2.99,4,4,Reference
393765873,786,0,3.5,3.5,Entertainment
393989284,1207,1.99,4.5,4.5,Education
394057299,6879,2.99,4.5,4.5,Games
394075284,5683,0,4,4,Entertainment
394342281,0,0.99,0,0,Social Networking
394732447,5059,4.99,4,4,Games
395042892,10158,4.99,4.5,4.5,Health & Fitness
395096736,291,0,4,4,Travel
395148744,31,1.99,3,3,Weather
395545555,35981,0,4,4,Shopping
395627741,14493,0.99,4.5,4.5,Games
395680819,853,2.99,4,4,Entertainment
395893124,990,0,3,3,Entertainment
395898626,676,0,3,3,Entertainment
395979574,128739,0,4.5,4.5,Games
396082453,1556,2.99,4.5,4.5,Utilities
396085661,12331,4.99,4.5,4.5,Games
396224808,22,3.99,4.5,4.5,Education
396669943,6527,0.99,4,4,Games
396837225,13049,0.99,4.5,4.5,Games
396885309,3692,0,3.5,3.5,News
397049430,41446,2.99,4.5,4.5,Games
397533889,8221,0,4.5,4.5,Shopping
397836467,36190,0.99,4.5,4.5,Games
397951063,14491,0.99,4.5,4.5,Games
398129933,99244,0,4.5,4.5,Utilities
398166286,0,0,0,0,Social Networking
398329664,75714,0,4,4,Games
398348506,35161,0.99,4.5,4.5,Games
398436747,11875,0,4.5,4.5,Health & Fitness
398453262,122,0,2.5,2.5,Finance
398596699,1083,0,2,2,Lifestyle
398687544,1575,2.99,3.5,3.5,Games
398860966,24,1.99,3.5,3.5,Games
398954883,53,0,4,4,Weather
398975927,739,2.99,3.5,3.5,Games
399355755,100477,0,4,4,Lifestyle
399363156,718,0,4,4,News
399452287,16849,0,4.5,4.5,Reference
399608199,192,0,1.5,1.5,Finance
399804936,7,4.99,5,5,Education
400213892,1114,3.99,4.5,4.5,Games
400666114,1218,6.99,4,4,Music
400882072,9948,0.99,4.5,4.5,Games
400971700,528,0.99,4,4,Utilities
401301276,4675,4.99,4.5,4.5,Games
401626263,22302,0,4,4,Travel
401643317,3849,5.99,4,4,Productivity
401644893,233,0,4,4,News
401746066,1798,0,4.5,4.5,Travel
401818935,916,7.99,4.5,4.5,Business
402012828,2956,0.99,4.5,4.5,Utilities
402370879,21648,4.99,4,4,Games
402422247,5163,2.99,4.5,4.5,Reference
402614251,49,0.99,4.5,4.5,Entertainment
403037266,6081,0,4.5,4.5,Weather
403090531,4401,0.99,5,5,Games
403684733,2231,2.99,4.5,4.5,Social Networking
403858572,327025,0,4.5,4.5,Games
404086528,10463,4.99,4,4,Games
404095058,28672,1.99,4.5,4.5,Games
404299862,4716,3.99,4.5,4.5,Health & Fitness
404405151,6278,1.99,3.5,3.5,Games
404529222,0,0,0,0,Shopping
404553553,8304,2.99,4.5,4.5,Games
404593641,15984,0,3,3,Entertainment
404990064,5079,1.99,4.5,4.5,Education
405338085,2416,0,4.5,4.5,Music
405548206,36,0,4,4,Social Networking
405622181,8165,4.99,3.5,3.5,Games
405667771,7446,0,4,4,Entertainment
405743220,26419,0.99,4,4,Games
405891908,208,0.99,4,4,Entertainment
406239138,7565,3.99,3.5,3.5,Utilities
406541444,3040,1.99,4.5,4.5,Photo & Video
406719683,145549,0,4.5,4.5,Travel
406732590,835,4.99,4.5,4.5,Food & Drink
407262212,4262,1.99,4.5,4.5,Finance
407375789,219,1.99,4,4,Utilities
407558537,56110,0,4.5,4.5,Finance
407690035,32341,0,4.5,4.5,Travel
407707744,1419,4.99,4,4,Games
407838198,3303,2.99,4.5,4.5,Education
407925512,2058,0,4,4,Entertainment
407949800,990,7.99,4,4,Games
407976815,1986,2.99,4,4,Entertainment
408233979,8981,1.99,4.5,4.5,Games
408854559,554,4.99,4.5,4.5,Games
409128287,8176,0,5,5,News
409157308,53,4.99,2,2,Food & Drink
409299054,6,0.99,1,1,Photo & Video
409362880,8,0,3,3,Finance
409395695,467,0,4,4,Health & Fitness
409563112,2394,0,4,4,Entertainment
409605521,287,0.99,4.5,4.5,Health & Fitness
409838725,28189,0,4.5,4.5,Photo & Video
409869453,868,2.99,4.5,4.5,Navigation
409890132,4094,0.99,4.5,4.5,Games
410031728,3152,2.99,4.5,4.5,Entertainment
410089731,2950,2.99,4.5,4.5,Health & Fitness
410148139,3245,3.99,4,4,Weather
410229362,9341,0.99,4.5,4.5,Games
410315894,981,0,2.5,2.5,Education
410319945,735,0.99,4,4,Games
410351918,15116,2.99,4.5,4.5,Health & Fitness
410395246,39638,0,4.5,4.5,Productivity
410896080,7256,0,3,3,Entertainment
411206394,12590,1.99,4.5,4.5,Utilities
411430426,13258,2.99,4.5,4.5,Games
411608323,0,6.99,0,0,Reference
411711646,331,2.99,4.5,4.5,Reference
411766326,1777,0,3,3,Education
411843682,554,0.99,4.5,4.5,Photo & Video
411930498,7535,0,4,4,Sports
412223222,2622,0,3.5,3.5,Sports
412395632,2340,0,4,4,Entertainment
412403556,823,0,4.5,4.5,Entertainment
412792865,261,1.99,4,4,Sports
413246702,0,1.99,0,0,News
413423472,29739,0.99,4.5,4.5,Games
413487517,0,0,0,0,Navigation
413511993,1359,4.99,3,3,Weather
413515229,6001,6.99,4.5,4.5,Productivity
413618155,10,0,3,3,Food & Drink
413936865,4188,0,4.5,4.5,Education
413993350,89,0,4,4,Lifestyle
414002091,513,1.99,4,4,Photo & Video
414113282,1329,0,3,3,Finance
414245413,361,0,3.5,3.5,Shopping
414430589,3768,0,4,4,Entertainment
414478124,34584,0,4.5,4.5,Social Networking
414603431,745,0,3.5,3.5,Music
414706506,26786,0,3.5,3.5,Reference
414834813,1911,3.99,4,4,News
414835676,1393,1.99,4.5,4.5,Games
415069562,430,2.99,4.5,4.5,Games
415138546,193,1.99,4.5,4.5,Games
415468221,7,0.99,4.5,4.5,Utilities
415606289,84,0,4.5,4.5,Lifestyle
415842508,116,0,4,4,Lifestyle
415850124,4352,2.99,4.5,4.5,Photo & Video
416023011,126948,0,4.5,4.5,Utilities
416048305,6478,0,5,5,Photo & Video
416345444,31116,0,4,4,Entertainment
416457422,248,0,3,3,Utilities
416981420,3326,4.99,5,5,Health & Fitness
417200582,100,0,4.5,4.5,Shopping
417352269,102,0,4.5,4.5,Productivity
417373312,3662,0.99,4.5,4.5,Entertainment
417817520,219418,0.99,4.5,4.5,Games
417906074,2293,3.99,4.5,4.5,Weather
418075935,16979,0,4.5,4.5,Sports
418987775,110420,0,4.5,4.5,Music
419135449,4719,1.99,4,4,Lifestyle
419261235,157,0,5,5,Utilities
419411014,1537,0.99,4.5,4.5,Education
419724490,29,0,3.5,3.5,Food & Drink
419805549,2270,0,4.5,4.5,Utilities
420009108,1724546,0,4.5,4.5,Games
420635506,170843,0,4.5,4.5,Games
420636551,70122,0,4.5,4.5,Games
420859056,1887,4.99,3,3,Lifestyle
421167112,293857,0,4.5,4.5,Games
421168738,193,19.99,4.5,4.5,Sports
421254504,131695,0,4.5,4.5,Music
421547368,47506,0,3.5,3.5,Entertainment
421894356,2261,2.99,4.5,4.5,News
421988577,26,0.99,3,3,Games
421998342,56399,0,4,4,Entertainment
422366403,5987,0,2.5,2.5,Entertainment
422667065,414803,0,4.5,4.5,Games
422689480,135962,0,4,4,Productivity
422845617,0,1.99,0,0,Photo & Video
423084029,549,0,4.5,4.5,Lifestyle
423198259,10619,9.99,5,5,Games
423246594,13572,0,3,3,Sports
423443665,149,2.99,3.5,3.5,Reference
423492040,249,7.99,4.5,4.5,Productivity
423514795,152,0,2.5,2.5,Finance
423855879,1073,2.99,4,4,Games
424123969,9763,0.99,4.5,4.5,Games
424216726,60490,0,4,4,Lifestyle
424229589,2552,1.99,4.5,4.5,Games
424591347,1378,14.99,4.5,4.5,Games
424598114,38,0,3,3,Shopping
424881832,299,0,4.5,4.5,News
424912055,5362,3.99,4.5,4.5,Games
425073498,6109,5.99,4.5,4.5,Entertainment
425349261,4263,0,4.5,4.5,News
425996445,714,0.99,4,4,Photo & Video
426072035,3170,4.99,4,4,Games
426097375,936,0,4,4,Utilities
426170776,1341,0,4,4,Utilities
426282304,4934,4.99,4,4,Games
426382105,9649,2.99,4,4,Education
426414466,11,0,4,4,Shopping
426415634,2493,2.99,4,4,Games
426747278,1888,4.99,3.5,3.5,Games
427419772,923,4.99,4.5,4.5,Games
427457043,65,0,3.5,3.5,Shopping
427555239,115,0,2,2,Travel
427916203,10278,0,3.5,3.5,Travel
427941017,624,0,4,4,Social Networking
428845974,177501,0,4.5,4.5,Social Networking
428970841,500,0.99,4,4,Games
429009175,159735,0,4,4,Sports
429047995,1061624,0,4.5,4.5,Social Networking
429610587,98344,0,3.5,3.5,Entertainment
429775439,26278,0,3,3,Entertainment
429851711,35769,0,4.5,4.5,Utilities
429870273,540,9.99,4.5,4.5,Games
429885089,224,0,3.5,3.5,Music
430152294,11665,0,4,4,Entertainment
430200224,20951,4.99,4,4,Utilities
430229059,43,1.99,4.5,4.5,Productivity
430234732,125,16.99,4,4,Productivity
430616332,92,1.99,4.5,4.5,Book
430823968,857,16.99,4,4,Games
430856616,528,0.99,4,4,Photo & Video
430920838,626,2.99,4.5,4.5,Games
431023686,1026,0,4.5,4.5,Shopping
431033044,1403,1.99,4.5,4.5,Utilities
431065024,117,0.99,1,1,Social Networking
431229633,193,0.99,3.5,3.5,Games
431493086,896,7.99,4,4,Education
431865275,35,2.99,3,3,Navigation
431946152,183621,0,4.5,4.5,Games
432080204,616,4.99,4.5,4.5,Games
432274380,397,0,3,3,Social Networking
432278816,0,47.99,0,0,Reference
432455516,0,0,0,0,Sports
432504470,4866,2.99,4.5,4.5,Games
432749907,20355,2.99,4.5,4.5,Games
432771571,6,1.99,3.5,3.5,Reference
432791399,1855,3.99,4.5,4.5,Lifestyle
432849519,9741,4.99,4.5,4.5,Games
432850619,818,13.99,3.5,3.5,Music
433156786,458,0,3.5,3.5,Social Networking
433398108,6374,0.99,4.5,4.5,Photo & Video
433508740,7569,0,3.5,3.5,Finance
433592592,76392,0,4.5,4.5,Games
433596395,274,0.99,3.5,3.5,Games
433620759,35058,0,4.5,4.5,Games
433622275,78,0,4.5,4.5,Games
433671262,4748,2.99,5,5,Photo & Video
433847884,12162,1.99,4.5,4.5,Games
434209233,2333,0,4.5,4.5,Weather
434374726,150,0,4,4,Shopping
434826169,1006,2.99,4,4,Education
434832826,1839,0,4.5,4.5,Travel
434893913,2661,0,4,4,Utilities
435138734,8651,0,3.5,3.5,Education
435476174,460,4.99,4.5,4.5,Education
435693872,34,1.99,5,5,Productivity
435728260,32,0.99,3.5,3.5,Education
435871950,863,3.99,4.5,4.5,Travel
435883126,23,0.99,4,4,Education
435913585,2965,1.99,4.5,4.5,Photo & Video
436114747,3702,0.99,4.5,4.5,Photo & Video
436134867,5058,2.99,4.5,4.5,Games
436180275,0,4.99,0,0,Education
436491861,258624,0,5,5,Food & Drink
436555490,8632,2.99,4.5,4.5,Games
436577167,1478,14.99,3,3,Photo & Video
436672029,10647,0,4,4,Shopping
436957087,383,0,4.5,4.5,News
437025413,320,0,3.5,3.5,Entertainment
437314677,102,0,2,2,Photo & Video
437818260,8623,0,4.5,4.5,Business
438314348,14361,0.99,4.5,4.5,Games
438426078,1670,0,4.5,4.5,Entertainment
438475005,1153,4.99,4,4,Productivity
438865278,1103,0,3.5,3.5,Shopping
439176506,11,0.99,4.5,4.5,Business
439438619,8683,0,4,4,Photo & Video
439495358,44,0.99,4.5,4.5,Games
439628153,3523,3.99,4.5,4.5,Entertainment
439638720,527,0,4,4,Utilities
439852091,10368,4.99,5,5,Health & Fitness
439873467,187666,0,4.5,4.5,Games
440045374,503230,0,4.5,4.5,Games
440141669,4513,4.99,4,4,Games
440488550,125,4.99,3.5,3.5,Utilities
440677948,29,0,4.5,4.5,Food & Drink
440948110,668,0,4.5,4.5,Photo & Video
441179131,112,4.99,4.5,4.5,Entertainment
441216572,944,0,4,4,Utilities
441457218,34585,0,4.5,4.5,Photo & Video
441599491,406,0.99,4.5,4.5,Education
442012681,60163,0,4,4,Social Networking
442378070,415,4.99,4,4,Education
442522082,23766,6.99,4.5,4.5,Games
442705759,1595,2.99,4,4,Education
442839435,55950,0,4,4,Entertainment
443321291,644,1.99,5,5,Reference
443324720,0,2.99,0,0,Education
443354861,16729,0,4.5,4.5,Photo & Video
443369807,32499,0,4.5,4.5,Productivity
443637419,141224,0,4.5,4.5,Games
443646748,10386,2.99,4.5,4.5,Health & Fitness
443904275,11437,0,3.5,3.5,Social Networking
443926246,30,0,5,5,Travel
443932954,4021,0,4.5,4.5,Utilities
444062672,43,1.99,3.5,3.5,Weather
444553118,1685,9.99,2.5,2.5,Book
444553167,8324,0,4,4,Business
444745181,796,0.99,5,5,Lifestyle
444844790,86127,0.99,4.5,4.5,Games
444934666,9109,0,3,3,Social Networking
444947784,20988,0,4,4,Entertainment
445300213,0,3.99,0,0,Finance
445338486,1985,0,4.5,4.5,Social Networking
445375097,14844,0,4,4,Entertainment
445573854,65,0,3,3,Shopping
445791750,13106,0,4.5,4.5,Games
445850671,44,0,4,4,Finance
445996226,425,3.99,4.5,4.5,Productivity
446207961,1298,24.99,4.5,4.5,Medical
446324234,403,0,3.5,3.5,Games
446408493,309,0.99,4,4,Games
446760220,5180,13.99,4.5,4.5,Games
447024088,0,0,0,0,Navigation
447149103,18259,0.99,4.5,4.5,Games
447188370,323905,0,2.5,2.5,Photo & Video
447313708,51,0,4.5,4.5,Travel
447444215,1294,4.99,4.5,4.5,Business
447574907,5,0,3,3,Entertainment
447610616,9302,0.99,4.5,4.5,Games
447689011,153588,0.99,4.5,4.5,Games
447752317,3837,0.99,4.5,4.5,Productivity
447791438,10509,1.99,4.5,4.5,Games
447983569,4697,2.99,4.5,4.5,Photo & Video
448142450,27791,0,4.5,4.5,Utilities
448165862,1862,0,4,4,Social Networking
448474423,3820,2.99,4.5,4.5,Health & Fitness
448639966,123433,0,5,5,Photo & Video
449735650,131656,1.99,4.5,4.5,Games
449945214,5748,0,2.5,2.5,Travel
450123799,4922,4.99,4.5,4.5,Reference
450542233,63272,0.99,4.5,4.5,Games
450555662,130,0,2.5,2.5,Music
450722833,1933,0,4.5,4.5,Entertainment
450987651,6,0,3,3,Health & Fitness
451113455,3912,0.99,4.5,4.5,Games
451287325,1092,1.99,4,4,Games
451584035,2436,2.99,4.5,4.5,News
451901829,14,1.99,4,4,Entertainment
452176796,558,0,5,5,Shopping
452186370,1014,0,4,4,Navigation
452830319,4510,0.99,4.5,4.5,Photo & Video
453051448,14724,6.99,4.5,4.5,Games
453174055,85,0,3.5,3.5,Travel
453480684,160,0,4.5,4.5,Health & Fitness
453546382,4676,3.99,4,4,Utilities
453571750,3196,1.99,5,5,Reference
453629018,1,0.99,1,1,Health & Fitness
453670037,0,1.99,0,0,Entertainment
453691481,154,0,4,4,Travel
453718989,5058,0,3.5,3.5,Social Networking
453809428,750,0,3.5,3.5,Food & Drink
454021277,7943,1.99,4.5,4.5,Utilities
454086751,98851,0.99,4.5,4.5,Games
454136236,16,24.99,4,4,Games
454316134,16358,0,4,4,Games
454638411,351466,0,3,3,Social Networking
454781476,79683,0.99,4.5,4.5,Games
454802329,4656,5.99,4.5,4.5,Games
454958810,7289,1.99,4.5,4.5,Games
454988262,23,0,3.5,3.5,Entertainment
455256615,60,0,4,4,Games
455612214,24744,0,4.5,4.5,Business
455650341,24880,0.99,4.5,4.5,Games
455826958,3716,0.99,4,4,Games
456229650,338,0,3.5,3.5,Entertainment
456355158,28153,0,4,4,Games
456726080,609,0,2.5,2.5,Education
457446957,405647,0,4.5,4.5,Games
457517348,32558,0,5,5,Photo & Video
457561360,999,1.99,4.5,4.5,Reference
457687954,8580,2.99,4.5,4.5,Games
457876088,9725,0,5,5,Shopping
458225159,15809,1.99,5,5,Weather
458272450,11124,0,2.5,2.5,Social Networking
458318329,613,0,4,4,Entertainment
458535809,1138,2.99,4.5,4.5,Education
458587755,774,0,4.5,4.5,Entertainment
458813562,358,2.99,3.5,3.5,Games
459023164,68,0,4,4,Shopping
459035295,14104,0,4.5,4.5,Games
459189186,7919,4.99,4.5,4.5,Games
459313476,562,3.99,5,5,Music
459660048,242,3.99,4,4,Games
460177396,109549,0,4.5,4.5,Entertainment
460494135,6856,0,2,2,Entertainment
460712294,8025,0,4.5,4.5,Games
461123279,234,4.99,4.5,4.5,Games
461218759,879,3.99,4.5,4.5,Music
461390784,880,1.99,3.5,3.5,Games
461504587,2793,0,4.5,4.5,Productivity
461703208,1040,0,4.5,4.5,Navigation
462125072,33,0,3.5,3.5,Utilities
462134755,54,3.99,4,4,Education
462155908,2485,1.99,4.5,4.5,Photo & Video
462397814,2101,4.99,4.5,4.5,Games
462638897,90496,0,4,4,Health & Fitness
462780547,4050,0,2,2,Entertainment
463142843,5,2.99,4,4,Entertainment
463240522,685,0,4,4,Travel
463295925,0,4.99,0,0,Education
463422433,2150,0,4.5,4.5,Photo & Video
463431091,5,0,3,3,Navigation
463630399,49816,0,4.5,4.5,Lifestyle
463869460,4498,0.99,4,4,Games
464235764,199,2.99,3.5,3.5,Education
464309202,2417,0,3,3,News
464352883,2286,0,2.5,2.5,Education
464660903,1646,0,4.5,4.5,Photo & Video
465092669,15554,0,3.5,3.5,Sports
465173198,210,2.99,3,3,Health & Fitness
465694275,6534,0,4.5,4.5,Games
466252999,311,3.99,4.5,4.5,Food & Drink
466710109,54073,0.99,5,5,Games
466965151,446880,0,4.5,4.5,Games
467067151,383,0,4.5,4.5,Lifestyle
467329677,1854,0,3.5,3.5,Education
467703220,1915,1.99,4,4,Games
467738064,6408,0,4,4,Shopping
467923185,561,3.99,4,4,Music
467953363,123,2.99,4,4,Weather
468090416,875,5.99,4.5,4.5,Business
468401854,7973,0.99,4,4,News
468429333,3800,4.99,4.5,4.5,Health & Fitness
468564994,264,2.99,4.5,4.5,Games
468566852,135,4.99,4.5,4.5,Games
468674094,204,3.99,4,4,News
468996152,57348,0,4.5,4.5,Shopping
469024771,240,0.99,4.5,4.5,Finance
469284907,9819,0,4.5,4.5,Productivity
469337564,20069,0,4,4,Business
469338840,132,0.99,4,4,Travel
469343097,3099,4.99,4.5,4.5,Games
469369175,677247,0,4.5,4.5,Games
469610082,3883,0.99,4,4,Games
469622080,11,0.99,4,4,Education
469863705,5459,0,4,4,Education
469960709,221002,0,4,4,Games
469964520,17,0,4.5,4.5,Finance
470412139,168,4.99,4,4,Games
470412147,18035,0,4.5,4.5,Shopping
470578793,2504,1.99,4.5,4.5,Photo & Video
